attribute,precision,recall,F1
コーポレートスローガン,0.4444444444444444,0.5714285714285714,0.5
主要株主,0.5314401622718052,0.7616279069767442,0.6260454002389486
事業内容,0.5015723270440252,0.5727109515260324,0.5347862531433362
代表者,0.7605633802816901,0.8571428571428571,0.8059701492537313
別名,0.43258426966292135,0.1905940594059406,0.2646048109965636
創業国,1.0,0.25,0.4
創業地,0.5625,0.375,0.45
創業時の事業,0.19047619047619047,0.16,0.17391304347826086
創業者,0.7441860465116279,0.8,0.7710843373493975
取扱商品,0.3905540417801998,0.4994192799070848,0.4383282364933741
商品名,0.6111944027986007,0.5481846705513223,0.5779773156899811
売上高データの年,0.8536585365853658,0.9210526315789473,0.8860759493670887
売上高（単体）,0.9130434782608695,1.0,0.9545454545454545
売上高（連結）,0.8095238095238095,0.8947368421052632,0.8500000000000001
売上高（連結）データの年,0.7272727272727273,0.8888888888888888,0.7999999999999999
子会社・合弁会社,0.6718995290423861,0.5410872313527181,0.5994397759103641
従業員数（単体）,0.8115942028985508,0.9333333333333333,0.8682170542635659
従業員数（単体）データの年,0.926829268292683,1.0,0.9620253164556963
従業員数（連結）,0.8125,0.7647058823529411,0.787878787878788
従業員数（連結）データの年,0.9375,1.0,0.967741935483871
本拠地,0.6705426356589147,0.7863636363636364,0.7238493723849372
本拠地国,0.7746478873239436,0.9565217391304348,0.8560311284046692
業界,0.9347826086956522,0.8865979381443299,0.91005291005291
業界内地位・規模,0.2619047619047619,0.3333333333333333,0.29333333333333333
正式名称,0.675,0.7168141592920354,0.6952789699570816
社名使用開始年,0.36666666666666664,0.559322033898305,0.44295302013422816
種類,0.91,0.9479166666666666,0.9285714285714285
設立年,0.6932773109243697,0.8505154639175257,0.763888888888889
読み,0.9137931034482759,0.7571428571428571,0.8281250000000001
買収・合併した会社,0.5617283950617284,0.41935483870967744,0.48021108179419525
資本金,0.9,0.9204545454545454,0.9101123595505618
資本金データの年,0.8292682926829268,0.918918918918919,0.8717948717948718
起源,0.25,0.2222222222222222,0.23529411764705882
過去の社名,0.5390070921985816,0.4470588235294118,0.48874598070739544
macro_ave,0.6739398697562858,0.6838955965668982,0.6660845965814701
micro_ave,0.5830782417044202,0.5776322173702086,0.5803424532325879
